insert into AULA (numeroAula, capienza) values
('2.12', 315),
('3.4', 150),
('2.1', 160),
('2.3', 100),
('2.4', 100),
('2.5', 99),
('2.6', 100),
('2.7', 89),
('2.8', 89),
('2.9', 210),
('2.10', 72),
('2.11', 36),
('2.13', 92),
('3.7', 187),
('3.10', 84),
('3.11', 79),
('4.1', 72);

insert into ESAME (codiceIns, codiceEsame, oraInizio, durata, data, numeroLab, numeroAula) values
(, '11', '10:00:00', 120, '2027-01-10', null, '2.12'),
(, '12', '11:00:00', 120, '2027-01-29', null, '2.12'),
(, '13', '10:30:00', 120, '2027-02-12', null, '2.12'),
(, '21', '13:00:00', 90, '2027-01-12', null, '2.1'),
(, '22', '11:00:00', 90, '2027-01-26', null, '2.3'),
(, '23', '14:30:00', 90, '2027-02-13', null, '2.4'),
(, '31', '9:00:00', 100, '2027-01-18', null, '2.5'),
(, '32', '9:30:00', 100, '2027-02-04', null, '2.9'),
(, '41', '13:30:00', 90, '2027-01-15', null, '2.11'),
(, '42', '14:00:00', 90, '2027-02-01', null, '3.4'),
(, '51', '15:00:00', 120, '2026-12-22', null, '4.1'),
(, '52', '10:00:00', 120, '2027-01-22', null, '2.12'),
(, '61', '9:00:00', 120, '2027-01-11', null, '2.8'),
(, '62', '10:30:00', 120, '2027-02-03', null, '2.6'),
(, '71', '10:30:00', 120, '2026-12-21', '2.2', null),
(, '72', '11:00:00', 120, '2027-01-09', '2.2', null),
(, '81', '10:00:00', 90, '2027-01-13', '4.2', null),
(, '82', '13:30:00', 90, '2027-02-02', '4.2', null),
(, '91', '10:00:00', 100, '2026-12-22', '3.1', null),
(, '92', '11:00:00', 100, '2027-01-21', '3.1', null),
(, '101', '9:00:00', 180, '2027-01-20', 'LaMo', null),
(, '102', '10:30:00', 180, '2027-02-11', 'LaMo', null);

insert into EVENTO (titolo, data, oraInizio, durata, numeroLab, numeroAula, locandina) values
('GAME AS A LAB', '2026-11-27', '17:00:00', 120, '2.2', null, 'asALAB.jpeg'),
('QUANTUM ENGINEERING', '2026-11-19', '17:00:00', 90, '2.3', null, 'Quantum.jpeg'),
('FUTURO NELL\'ICT', '2026-11-27', '17:00:00', 120, '2.13', null, 'futuroICT.jpeg');

INSERT INTO LABORATORIO(numeroLab,capienza) VALUES
('2.2', 98), ('3.1', 42), ('3.3',49), ('4.2', 79), ('CARTA', 2), ('LaMo', 30), ('LaMoV',17), ('LaRAC', 2),
('LAFO', 16), ('OFF', 30), ('LIB(I)', 50), ('LIB(M)', 40);
INSERT INTO LAUREA(codiceLaurea, oraInizio, durata, corso, data, numeroAula)
VALUES 

    (1, '09:00:00', 420, 'Ingegneria e Scienze Informatiche', '2026-07-22', '3.4'),
    (2, '09:00:00', 420, 'Ingegneria Biomedica', '2026-07-24', '2.1'),
    (3, '09:00:00', 420, 'Architettura', '2026-07-27', '2.15'),
    (4, '09:00:00', 420, 'Ingegneria e Scienze Informatiche', '2026-07-29', '2.12'),
    (5, '09:00:00', 420, 'Ingegneria Biomedica', '2026-09-10', '3.4'),
    (6, '09:00:00', 420, 'Architettura', '2026-09-15', '2.15'),
    (7, '09:00:00', 420, 'Ingegneria e Scienze Informatiche', '2026-09-22', '3.4'),
    (8, '09:00:00', 420, 'Ingegneria Biomedica', '2026-09-28', '2.1'),
    (9, '09:00:00', 420, 'Architettura', '2026-10-06', '2.15'),
    (10, '09:00:00', 420, 'Ingegneria e Scienze Informatiche', '2026-10-13', '2.12'),
    (11, '09:00:00', 420, 'Ingegneria Biomedica', '2026-10-20', '3.4'),
    (12, '09:00:00', 420, 'Architettura', '2026-10-27', '2.15'),
    (13, '09:00:00', 420, 'Ingegneria e Scienze Informatiche', '2026-11-05', '3.4'),
    (14, '09:00:00', 420, 'Ingegneria Biomedica', '2026-11-12', '2.1'),
    (15, '09:00:00', 420, 'Architettura', '2026-11-19', '2.15'),
    (16, '09:00:00', 420, 'Ingegneria e Scienze Informatiche', '2026-11-26', '2.12'),
    (17, '09:00:00', 420, 'Ingegneria Biomedica', '2026-12-03', '3.4'),
    (18, '09:00:00', 420, 'Architettura', '2026-12-10', '2.15'),
    (19, '09:00:00', 420, 'Ingegneria e Scienze Informatiche', '2026-12-15', '3.4'),
    (20, '09:00:00', 420, 'Ingegneria Biomedica', '2026-12-18', '2.1');
    
insert into INSEGNAMENTO (codiceIns, nomeIns, professore) values 
(00013, "ANALISI MATEMATICA", "Eleonora Cinti"), 
(00819, "PROGRAMMAZIONE", "Antonella Carbonaro"), 
(58414, "ALGEBRA E GEOMETRIA", "Andrea Bianchi"),
(11929, "ALGORITMI E STRUTTURE DATI", "Luciano Margara"),
(69731, "ARCHITETTURE DEGLI ELABORATORI", "Davide Maltoni"),
(77776, "MATEMATICA DISCRETA E PROBABILITÀ", "Fabrizio Caselli"), 
(70219, "PROGRAMMAZIONE AD OGGETTI", "Mirko Viroli"),
(08574, "SISTEMI OPERATIVI", "Vittorio Ghini"), 
(10906, "BASI DI DATI", "Annalisa Franco"), 
(00405, "FISICA", "Luigi Guiducci"), 
(2561, "METODI NUMERICI PER L'INTELLIGENZA ARTIFICIALE", "Damiana Lazzaro"),
(70226, "PROGRAMMAZIONE DI RETE", "Franco Callegati"),
(09032, "INGEGNERIA DEL SOFTWARE", "Stefano Rizzi"), 
(70218, "RETI DI TELECOMUNICAZIONE", "Franco Callegati"),
(00884, "RICERCA OPERATIVA", "Marco Antonio Boschetti"), 
(41731, "TECNOLOGIE WEB", "Silvia Mirri"),
(70090, "COMPUTER GRAPHICS", "Damiana Lazzaro"),
(77780, "SISTEMI EMBEDDED E INTERNET-OF-THING", "Alessandro Ricci"), 
(84339, "BASI DI DATI AVANZATE", "Matteo Golfarelli"),
(70227, "INFORMATICA E DIRITTO", "Luisa Dall'Acqua"), 
(72796, "PROGRAMMAZIONE DI APPLICAZIONI DATA INTENSIVE", "Gianluca Moro"), 
(72787, "PROGRAMMAZIONE DI SISTEMI MOBILE", "Catia Prandi"),
(17634, "VISIONE ARTIFICIALE", "Raffaele Cappelli"),
(72778, "HIGH-PERFOMANCE COMPUTING", "Moreno Marzolla"), 
(14015, "CRITTOGRAFIA", "Luciano Margara"), 
(96642, "VIRTUALIZZAZIONE E INTEGRAZIONE DI SISTEMI", "Vittorio Ghini"),
(30569, "ELABORAZIONE DEI SEGNALI", "Marco Chiani"), 
(00430, "FISICA TECNICA", "Marco Lorenzini"), 
(05181, "FISIOLOGIA", "Matteo Filippini"),
(09454, "BIOINGEGNERIA", "Maria Cristina Bisi"),
(03716, "CALCOLATORI ELETTRONICI", "Luca Roffia"),
(00196, "CONTROLLI AUTOMATICI", "Paolo Castaldi"),
(40137, "AFPG-LABORATORIO DI DIAGNOSTICA STRUTTURALE II", "Lucio Nobile"), 
(40130, "AFPG-LABORATORIO DI MODELLISTICA I", "Davide Giaffreda"),
(19092, "FISICA TECNICA AMBIENTALE I", "Lamberto Tronchin"),
(70117, "ARCHITETTURA DEGLI INTERNI", "Massimiliano Cantalupo"),
(01069, "TECNICA URBANISTICA", "Marialuisa Cipriani");
 
 
 

