insert into AULA (numeroAula, capienza) values
('2.12', 315),
('3.4', 150),
('2.1', 160),
('2.3', 100),
('2.4', 100),
('2.5', 99),
('2.6', 100),
('2.7', 89),
('2.8', 89),
('2.9', 210),
('2.10', 72),
('2.11', 36),
('2.13', 92),
('2.15', 120),
('3.7', 187),
('3.10', 84),
('3.11', 79),
('4.1', 72);

INSERT INTO LABORATORIO(numeroLab,capienza) VALUES
('2.2', 98), ('3.1', 42), ('3.3', 49), ('4.2', 79), ('CARTA', 2), ('LaMo', 30), ('LaMoV',17), ('LaRAC', 2),
('LAFO', 16), ('OFF', 30), ('LIB(I)', 50), ('LIB(M)', 40);

insert into INSEGNAMENTO (codiceIns, nomeIns, professore) values 
(00013, "ANALISI MATEMATICA", "Eleonora Cinti"), 
(00819, "PROGRAMMAZIONE", "Antonella Carbonaro"), 
(58414, "ALGEBRA E GEOMETRIA", "Andrea Bianchi"),
(11929, "ALGORITMI E STRUTTURE DATI", "Luciano Margara"),
(69731, "ARCHITETTURE DEGLI ELABORATORI", "Davide Maltoni"),
(77776, "MATEMATICA DISCRETA E PROBABILITÀ", "Fabrizio Caselli"), 
(70219, "PROGRAMMAZIONE AD OGGETTI", "Mirko Viroli"),
(08574, "SISTEMI OPERATIVI", "Vittorio Ghini"), 
(10906, "BASI DI DATI", "Annalisa Franco"), 
(00405, "FISICA", "Luigi Guiducci"), 
(2561, "METODI NUMERICI PER L'INTELLIGENZA ARTIFICIALE", "Damiana Lazzaro"),
(70226, "PROGRAMMAZIONE DI RETE", "Franco Callegati"),
(09032, "INGEGNERIA DEL SOFTWARE", "Stefano Rizzi"), 
(70218, "RETI DI TELECOMUNICAZIONE", "Franco Callegati"),
(00884, "RICERCA OPERATIVA", "Marco Antonio Boschetti"), 
(41731, "TECNOLOGIE WEB", "Silvia Mirri"),
(70090, "COMPUTER GRAPHICS", "Damiana Lazzaro"),
(77780, "SISTEMI EMBEDDED E INTERNET-OF-THING", "Alessandro Ricci"), 
(84339, "BASI DI DATI AVANZATE", "Matteo Golfarelli"),
(70227, "INFORMATICA E DIRITTO", "Luisa Dall'Acqua"), 
(72796, "PROGRAMMAZIONE DI APPLICAZIONI DATA INTENSIVE", "Gianluca Moro"), 
(72787, "PROGRAMMAZIONE DI SISTEMI MOBILE", "Catia Prandi"),
(17634, "VISIONE ARTIFICIALE", "Raffaele Cappelli"),
(72778, "HIGH-PERFOMANCE COMPUTING", "Moreno Marzolla"), 
(14015, "CRITTOGRAFIA", "Luciano Margara"), 
(96642, "VIRTUALIZZAZIONE E INTEGRAZIONE DI SISTEMI", "Vittorio Ghini"),
(30569, "ELABORAZIONE DEI SEGNALI", "Marco Chiani"), 
(00430, "FISICA TECNICA", "Marco Lorenzini"), 
(05181, "FISIOLOGIA", "Matteo Filippini"),
(09454, "BIOINGEGNERIA", "Maria Cristina Bisi"),
(03716, "CALCOLATORI ELETTRONICI", "Luca Roffia"),
(00196, "CONTROLLI AUTOMATICI", "Paolo Castaldi"),
(40137, "AFPG-LABORATORIO DI DIAGNOSTICA STRUTTURALE II", "Lucio Nobile"), 
(40130, "AFPG-LABORATORIO DI MODELLISTICA I", "Davide Giaffreda"),
(19092, "FISICA TECNICA AMBIENTALE I", "Lamberto Tronchin"),
(70117, "ARCHITETTURA DEGLI INTERNI", "Massimiliano Cantalupo"),
(01069, "TECNICA URBANISTICA", "Marialuisa Cipriani");


insert into ESAME (codiceIns, codiceEsame, oraInizio, durata, data, numeroLab, numeroAula) values
(00013, '11', '10:00:00', 120, '2027-01-10', null, '2.12'),
(00013, '12', '11:00:00', 120, '2027-01-29', null, '2.12'),
(00013, '13', '10:30:00', 120, '2027-02-12', null, '2.12'),
(00819, '21', '13:00:00', 90, '2027-01-12', null, '2.1'),
(00819, '22', '11:00:00', 90, '2027-01-26', null, '2.3'),
(00819, '23', '14:30:00', 90, '2027-02-13', null, '2.4'),
(11929, '31', '9:00:00', 100, '2027-01-18', null, '2.5'),
(11929, '32', '9:30:00', 100, '2027-02-04', null, '2.9'),
(70090, '41', '13:30:00', 90, '2027-01-15', null, '2.11'),
(70090, '42', '14:00:00', 90, '2027-02-01', null, '3.4'),
(00884, '51', '15:00:00', 120, '2026-12-22', null, '4.1'),
(00884, '52', '10:00:00', 120, '2027-01-22', null, '2.12'),
(10906, '61', '9:00:00', 120, '2027-01-11', null, '2.8'),
(10906, '62', '10:30:00', 120, '2027-02-03', null, '2.6'),
(00405, '71', '10:30:00', 120, '2026-12-21', '2.2', null),
(00405, '72', '11:00:00', 120, '2027-01-09', '2.2', null),
(70219, '81', '10:00:00', 90, '2027-01-13', '4.2', null),
(70219, '82', '13:30:00', 90, '2027-02-02', '4.2', null),
(70218, '91', '10:00:00', 100, '2026-12-22', '3.1', null),
(70218, '92', '11:00:00', 100, '2027-01-21', '3.1', null),
(70117, '101', '9:00:00', 180, '2027-01-20', 'LaMo', null),
(70117, '102', '10:30:00', 180, '2027-02-11', 'LaMo', null);

insert into EVENTO (titolo, data, oraInizio, durata, numeroLab, numeroAula, locandina) values
('GAME AS A LAB', '2026-11-27', '17:00:00', 120, '2.2', null, 'asALAB.jpeg'),
('QUANTUM ENGINEERING', '2026-11-19', '17:00:00', 90, null, '2.3', 'Quantum.jpeg'),
('FUTURO NELL\'ICT', '2026-11-27', '17:00:00', 120, null, '2.13', 'futuroICT.jpeg');


INSERT INTO LAUREA(codiceLaurea, oraInizio, durata, corso, data, numeroAula)
VALUES 

    (1, '09:00:00', 420, 'Ingegneria e Scienze Informatiche', '2026-07-22', '3.4'),
    (2, '09:00:00', 420, 'Ingegneria Biomedica', '2026-07-24', '2.1'),
    (3, '09:00:00', 420, 'Architettura', '2026-07-27', '2.15'),
    (4, '09:00:00', 420, 'Ingegneria e Scienze Informatiche', '2026-07-29', '2.12'),
    (5, '09:00:00', 420, 'Ingegneria Biomedica', '2026-09-10', '3.4'),
    (6, '09:00:00', 420, 'Architettura', '2026-09-15', '2.15'),
    (7, '09:00:00', 420, 'Ingegneria e Scienze Informatiche', '2026-09-22', '3.4'),
    (8, '09:00:00', 420, 'Ingegneria Biomedica', '2026-09-28', '2.1'),
    (9, '09:00:00', 420, 'Architettura', '2026-10-06', '2.15'),
    (10, '09:00:00', 420, 'Ingegneria e Scienze Informatiche', '2026-10-13', '2.12'),
    (11, '09:00:00', 420, 'Ingegneria Biomedica', '2026-10-20', '3.4'),
    (12, '09:00:00', 420, 'Architettura', '2026-10-27', '2.15'),
    (13, '09:00:00', 420, 'Ingegneria e Scienze Informatiche', '2026-11-05', '3.4'),
    (14, '09:00:00', 420, 'Ingegneria Biomedica', '2026-11-12', '2.1'),
    (15, '09:00:00', 420, 'Architettura', '2026-11-19', '2.15'),
    (16, '09:00:00', 420, 'Ingegneria e Scienze Informatiche', '2026-11-26', '2.12'),
    (17, '09:00:00', 420, 'Ingegneria Biomedica', '2026-12-03', '3.4'),
    (18, '09:00:00', 420, 'Architettura', '2026-12-10', '2.15'),
    (19, '09:00:00', 420, 'Ingegneria e Scienze Informatiche', '2026-12-15', '3.4'),
    (20, '09:00:00', 420, 'Ingegneria Biomedica', '2026-12-18', '2.1');
    

INSERT INTO LEZIONE(codiceIns, codiceLez, oraInizio, durata, data, numeroLab, numeroAula) VALUES

('00013', 1, '09:00:00', 2, '2026-09-21', NULL, '2.12'), ('00013', 2, '09:00:00', 2, '2026-09-23', NULL, '2.12'), ('00013', 3, '09:00:00', 2, '2026-09-25', NULL, '2.12'), ('00013', 4, '09:00:00', 2, '2026-09-28', NULL, '2.12'), ('00013', 5, '09:00:00', 2, '2026-09-30', NULL, '2.12'), ('00013', 6, '09:00:00', 2, '2026-10-02', NULL, '2.12'),
('00819', 7, '09:00:00', 2, '2026-09-21', NULL, '3.4'), ('00819', 8, '09:00:00', 2, '2026-09-23', NULL, '3.4'), ('00819', 9, '09:00:00', 2, '2026-09-25', NULL, '3.4'), ('00819', 10, '09:00:00', 2, '2026-09-28', NULL, '3.4'), ('00819', 11, '09:00:00', 2, '2026-09-30', NULL, '3.4'), ('00819', 12, '09:00:00', 2, '2026-10-02', NULL, '3.4'),
('58414', 13, '09:00:00', 2, '2026-09-21', NULL, '2.1'), ('58414', 14, '09:00:00', 2, '2026-09-23', NULL, '2.1'), ('58414', 15, '09:00:00', 2, '2026-09-25', NULL, '2.1'), ('58414', 16, '09:00:00', 2, '2026-09-28', NULL, '2.1'), ('58414', 17, '09:00:00', 2, '2026-09-30', NULL, '2.1'), ('58414', 18, '09:00:00', 2, '2026-10-02', NULL, '2.1'),
('11929', 19, '09:00:00', 2, '2026-09-21', NULL, '2.3'), ('11929', 20, '09:00:00', 2, '2026-09-23', NULL, '2.3'), ('11929', 21, '09:00:00', 2, '2026-09-25', NULL, '2.3'), ('11929', 22, '09:00:00', 2, '2026-09-28', NULL, '2.3'), ('11929', 23, '09:00:00', 2, '2026-09-30', NULL, '2.3'), ('11929', 24, '09:00:00', 2, '2026-10-02', NULL, '2.3'),
('69731', 25, '09:00:00', 2, '2026-09-21', NULL, '2.4'), ('69731', 26, '09:00:00', 2, '2026-09-23', NULL, '2.4'), ('69731', 27, '09:00:00', 2, '2026-09-25', NULL, '2.4'), ('69731', 28, '09:00:00', 2, '2026-09-28', NULL, '2.4'), ('69731', 29, '09:00:00', 2, '2026-09-30', NULL, '2.4'), ('69731', 30, '09:00:00', 2, '2026-10-02', NULL, '2.4'),
('77776', 31, '09:00:00', 2, '2026-09-21', NULL, '2.5'), ('77776', 32, '09:00:00', 2, '2026-09-23', NULL, '2.5'), ('77776', 33, '09:00:00', 2, '2026-09-25', NULL, '2.5'), ('77776', 34, '09:00:00', 2, '2026-09-28', NULL, '2.5'), ('77776', 35, '09:00:00', 2, '2026-09-30', NULL, '2.5'), ('77776', 36, '09:00:00', 2, '2026-10-02', NULL, '2.5'),
('70219', 37, '09:00:00', 2, '2026-09-21', NULL, '2.6'), ('70219', 38, '09:00:00', 2, '2026-09-23', NULL, '2.6'), ('70219', 39, '09:00:00', 2, '2026-09-25', NULL, '2.6'), ('70219', 40, '09:00:00', 2, '2026-09-28', NULL, '2.6'), ('70219', 41, '09:00:00', 2, '2026-09-30', NULL, '2.6'), ('70219', 42, '09:00:00', 2, '2026-10-02', NULL, '2.6'),
('08574', 43, '09:00:00', 2, '2026-09-21', NULL, '2.7'), ('08574', 44, '09:00:00', 2, '2026-09-23', NULL, '2.7'), ('08574', 45, '09:00:00', 2, '2026-09-25', NULL, '2.7'), ('08574', 46, '09:00:00', 2, '2026-09-28', NULL, '2.7'), ('08574', 47, '09:00:00', 2, '2026-09-30', NULL, '2.7'), ('08574', 48, '09:00:00', 2, '2026-10-02', NULL, '2.7'),

('10906', 49, '11:00:00', 2, '2026-09-21', NULL, '2.8'), ('10906', 50, '11:00:00', 2, '2026-09-23', NULL, '2.8'), ('10906', 51, '11:00:00', 2, '2026-09-25', NULL, '2.8'), ('10906', 52, '11:00:00', 2, '2026-09-28', NULL, '2.8'), ('10906', 53, '11:00:00', 2, '2026-09-30', NULL, '2.8'), ('10906', 54, '11:00:00', 2, '2026-10-02', NULL, '2.8'),
('00405', 55, '11:00:00', 2, '2026-09-21', NULL, '2.9'), ('00405', 56, '11:00:00', 2, '2026-09-23', NULL, '2.9'), ('00405', 57, '11:00:00', 2, '2026-09-25', NULL, '2.9'), ('00405', 58, '11:00:00', 2, '2026-09-28', NULL, '2.9'), ('00405', 59, '11:00:00', 2, '2026-09-30', NULL, '2.9'), ('00405', 60, '11:00:00', 2, '2026-10-02', NULL, '2.9'),
('2561',  61, '11:00:00', 2, '2026-09-21', NULL, '2.10'), ('2561',  62, '11:00:00', 2, '2026-09-23', NULL, '2.10'), ('2561',  63, '11:00:00', 2, '2026-09-25', NULL, '2.10'), ('2561',  64, '11:00:00', 2, '2026-09-28', NULL, '2.10'), ('2561',  65, '11:00:00', 2, '2026-09-30', NULL, '2.10'), ('2561',  66, '11:00:00', 2, '2026-10-02', NULL, '2.10'),
('70226', 67, '11:00:00', 2, '2026-09-21', NULL, '2.11'), ('70226', 68, '11:00:00', 2, '2026-09-23', NULL, '2.11'), ('70226', 69, '11:00:00', 2, '2026-09-25', NULL, '2.11'), ('70226', 70, '11:00:00', 2, '2026-09-28', NULL, '2.11'), ('70226', 71, '11:00:00', 2, '2026-09-30', NULL, '2.11'), ('70226', 72, '11:00:00', 2, '2026-10-02', NULL, '2.11'),
('09032', 73, '11:00:00', 2, '2026-09-21', NULL, '2.13'), ('09032', 74, '11:00:00', 2, '2026-09-23', NULL, '2.13'), ('09032', 75, '11:00:00', 2, '2026-09-25', NULL, '2.13'), ('09032', 76, '11:00:00', 2, '2026-09-28', NULL, '2.13'), ('09032', 77, '11:00:00', 2, '2026-09-30', NULL, '2.13'), ('09032', 78, '11:00:00', 2, '2026-10-02', NULL, '2.13'),
('70218', 79, '11:00:00', 2, '2026-09-21', NULL, '3.7'),  ('70218', 80, '11:00:00', 2, '2026-09-23', NULL, '3.7'),  ('70218', 81, '11:00:00', 2, '2026-09-25', NULL, '3.7'),  ('70218', 82, '11:00:00', 2, '2026-09-28', NULL, '3.7'),  ('70218', 83, '11:00:00', 2, '2026-09-30', NULL, '3.7'),  ('70218', 84, '11:00:00', 2, '2026-10-02', NULL, '3.7'),
('00884', 85, '11:00:00', 2, '2026-09-21', NULL, '3.10'), ('00884', 86, '11:00:00', 2, '2026-09-23', NULL, '3.10'), ('00884', 87, '11:00:00', 2, '2026-09-25', NULL, '3.10'), ('00884', 88, '11:00:00', 2, '2026-09-28', NULL, '3.10'), ('00884', 89, '11:00:00', 2, '2026-09-30', NULL, '3.10'), ('00884', 90, '11:00:00', 2, '2026-10-02', NULL, '3.10'),
('41731', 91, '11:00:00', 2, '2026-09-21', NULL, '3.11'), ('41731', 92, '11:00:00', 2, '2026-09-23', NULL, '3.11'), ('41731', 93, '11:00:00', 2, '2026-09-25', NULL, '3.11'), ('41731', 94, '11:00:00', 2, '2026-09-28', NULL, '3.11'), ('41731', 95, '11:00:00', 2, '2026-09-30', NULL, '3.11'), ('41731', 96, '11:00:00', 2, '2026-10-02', NULL, '3.11'),


('70090', 97, '14:00:00', 2, '2026-09-22', NULL, '2.12'), ('70090', 98, '14:00:00', 2, '2026-09-24', NULL, '2.12'), ('70090', 99, '14:00:00', 2, '2026-09-25', NULL, '2.12'), ('70090', 100, '14:00:00', 2, '2026-09-29', NULL, '2.12'), ('70090', 101, '14:00:00', 2, '2026-10-01', NULL, '2.12'), ('70090', 102, '14:00:00', 2, '2026-10-02', NULL, '2.12'),
('77780', 103, '14:00:00', 2, '2026-09-22', NULL, '3.4'), ('77780', 104, '14:00:00', 2, '2026-09-24', NULL, '3.4'), ('77780', 105, '14:00:00', 2, '2026-09-25', NULL, '3.4'), ('77780', 106, '14:00:00', 2, '2026-09-29', NULL, '3.4'), ('77780', 107, '14:00:00', 2, '2026-10-01', NULL, '3.4'), ('77780', 108, '14:00:00', 2, '2026-10-02', NULL, '3.4'),
('84339', 109, '14:00:00', 2, '2026-09-22', NULL, '2.1'), ('84339', 110, '14:00:00', 2, '2026-09-24', NULL, '2.1'), ('84339', 111, '14:00:00', 2, '2026-09-25', NULL, '2.1'), ('84339', 112, '14:00:00', 2, '2026-09-29', NULL, '2.1'), ('84339', 113, '14:00:00', 2, '2026-10-01', NULL, '2.1'), ('84339', 114, '14:00:00', 2, '2026-10-02', NULL, '2.1'),
('70227', 115, '14:00:00', 2, '2026-09-22', NULL, '2.3'), ('70227', 116, '14:00:00', 2, '2026-09-24', NULL, '2.3'), ('70227', 117, '14:00:00', 2, '2026-09-25', NULL, '2.3'), ('70227', 118, '14:00:00', 2, '2026-09-29', NULL, '2.3'), ('70227', 119, '14:00:00', 2, '2026-10-01', NULL, '2.3'), ('70227', 120, '14:00:00', 2, '2026-10-02', NULL, '2.3'),
('72796', 121, '14:00:00', 2, '2026-09-22', NULL, '2.4'), ('72796', 122, '14:00:00', 2, '2026-09-24', NULL, '2.4'), ('72796', 123, '14:00:00', 2, '2026-09-25', NULL, '2.4'), ('72796', 124, '14:00:00', 2, '2026-09-29', NULL, '2.4'), ('72796', 125, '14:00:00', 2, '2026-10-01', NULL, '2.4'), ('72796', 126, '14:00:00', 2, '2026-10-02', NULL, '2.4'),
('72787', 127, '14:00:00', 2, '2026-09-22', NULL, '2.5'), ('72787', 128, '14:00:00', 2, '2026-09-24', NULL, '2.5'), ('72787', 129, '14:00:00', 2, '2026-09-25', NULL, '2.5'), ('72787', 130, '14:00:00', 2, '2026-09-29', NULL, '2.5'), ('72787', 131, '14:00:00', 2, '2026-10-01', NULL, '2.5'), ('72787', 132, '14:00:00', 2, '2026-10-02', NULL, '2.5'),
('17634', 133, '14:00:00', 2, '2026-09-22', NULL, '2.6'), ('17634', 134, '14:00:00', 2, '2026-09-24', NULL, '2.6'), ('17634', 135, '14:00:00', 2, '2026-09-25', NULL, '2.6'), ('17634', 136, '14:00:00', 2, '2026-09-29', NULL, '2.6'), ('17634', 137, '14:00:00', 2, '2026-10-01', NULL, '2.6'), ('17634', 138, '14:00:00', 2, '2026-10-02', NULL, '2.6'),
('72778', 139, '14:00:00', 2, '2026-09-22', NULL, '2.7'), ('72778', 140, '14:00:00', 2, '2026-09-24', NULL, '2.7'), ('72778', 141, '14:00:00', 2, '2026-09-25', NULL, '2.7'), ('72778', 142, '14:00:00', 2, '2026-09-29', NULL, '2.7'), ('72778', 143, '14:00:00', 2, '2026-10-01', NULL, '2.7'), ('72778', 144, '14:00:00', 2, '2026-10-02', NULL, '2.7'),

('14015', 145, '16:00:00', 2, '2026-09-22', NULL, '2.8'), ('14015', 146, '16:00:00', 2, '2026-09-24', NULL, '2.8'), ('14015', 147, '16:00:00', 2, '2026-09-25', NULL, '2.8'), ('14015', 148, '16:00:00', 2, '2026-09-29', NULL, '2.8'), ('14015', 149, '16:00:00', 2, '2026-10-01', NULL, '2.8'), ('14015', 150, '16:00:00', 2, '2026-10-02', NULL, '2.8'),
('96642', 151, '16:00:00', 2, '2026-09-22', NULL, '2.9'), ('96642', 152, '16:00:00', 2, '2026-09-24', NULL, '2.9'), ('96642', 153, '16:00:00', 2, '2026-09-25', NULL, '2.9'), ('96642', 154, '16:00:00', 2, '2026-09-29', NULL, '2.9'), ('96642', 155, '16:00:00', 2, '2026-10-01', NULL, '2.9'), ('96642', 156, '16:00:00', 2, '2026-10-02', NULL, '2.9'),
('30569', 157, '16:00:00', 2, '2026-09-22', NULL, '2.10'),('30569', 158, '16:00:00', 2, '2026-09-24', NULL, '2.10'),('30569', 159, '16:00:00', 2, '2026-09-25', NULL, '2.10'),('30569', 160, '16:00:00', 2, '2026-09-29', NULL, '2.10'),('30569', 161, '16:00:00', 2, '2026-10-01', NULL, '2.10'),('30569', 162, '16:00:00', 2, '2026-10-02', NULL, '2.10'),
('00430', 163, '16:00:00', 2, '2026-09-22', NULL, '2.11'),('00430', 164, '16:00:00', 2, '2026-09-24', NULL, '2.11'),('00430', 165, '16:00:00', 2, '2026-09-25', NULL, '2.11'),('00430', 166, '16:00:00', 2, '2026-09-29', NULL, '2.11'),('00430', 167, '16:00:00', 2, '2026-10-01', NULL, '2.11'),('00430', 168, '16:00:00', 2, '2026-10-02', NULL, '2.11'),
('05181', 169, '16:00:00', 2, '2026-09-22', NULL, '2.13'),('05181', 170, '16:00:00', 2, '2026-09-24', NULL, '2.13'),('05181', 171, '16:00:00', 2, '2026-09-25', NULL, '2.13'),('05181', 172, '16:00:00', 2, '2026-09-29', NULL, '2.13'),('05181', 173, '16:00:00', 2, '2026-10-01', NULL, '2.13'),('05181', 174, '16:00:00', 2, '2026-10-02', NULL, '2.13'),
('09454', 175, '16:00:00', 2, '2026-09-22', NULL, '3.7'), ('09454', 176, '16:00:00', 2, '2026-09-24', NULL, '3.7'), ('09454', 177, '16:00:00', 2, '2026-09-25', NULL, '3.7'), ('09454', 178, '16:00:00', 2, '2026-09-29', NULL, '3.7'), ('09454', 179, '16:00:00', 2, '2026-10-01', NULL, '3.7'), ('09454', 180, '16:00:00', 2, '2026-10-02', NULL, '3.7'),
('03716', 181, '16:00:00', 2, '2026-09-22', NULL, '3.10'),('03716', 182, '16:00:00', 2, '2026-09-24', NULL, '3.10'),('03716', 183, '16:00:00', 2, '2026-09-25', NULL, '3.10'),('03716', 184, '16:00:00', 2, '2026-09-29', NULL, '3.10'),('03716', 185, '16:00:00', 2, '2026-10-01', NULL, '3.10'),('03716', 186, '16:00:00', 2, '2026-10-02', NULL, '3.10'),
('00196', 187, '16:00:00', 2, '2026-09-22', NULL, '3.11'),('00196', 188, '16:00:00', 2, '2026-09-24', NULL, '3.11'),('00196', 189, '16:00:00', 2, '2026-09-25', NULL, '3.11'),('00196', 190, '16:00:00', 2, '2026-09-29', NULL, '3.11'),('00196', 191, '16:00:00', 2, '2026-10-01', NULL, '3.11'),('00196', 192, '16:00:00', 2, '2026-10-02', NULL, '3.11');
 /*Lezioni nei lab*/
INSERT INTO LEZIONE(codiceIns, codiceLez, oraInizio, durata, data, numeroLab, numeroAula) VALUES
('00819', 193, '09:00:00', 3, '2026-09-22', '2.2', NULL), ('00819', 194, '09:00:00', 3, '2026-09-29', '2.2', NULL),
('11929', 195, '09:00:00', 3, '2026-09-22', '3.1', NULL), ('11929', 196, '09:00:00', 3, '2026-09-29', '3.1', NULL),
('69731', 197, '09:00:00', 3, '2026-09-22', '3.3', NULL), ('69731', 198, '09:00:00', 3, '2026-09-29', '3.3', NULL),
('70219', 199, '09:00:00', 3, '2026-09-22', '4.2', NULL), ('70219', 200, '09:00:00', 3, '2026-09-29', '4.2', NULL),
('08574', 201, '14:00:00', 3, '2026-09-22', '2.2', NULL), ('08574', 202, '14:00:00', 3, '2026-09-29', '2.2', NULL),
('10906', 203, '14:00:00', 3, '2026-09-22', '3.1', NULL), ('10906', 204, '14:00:00', 3, '2026-09-29', '3.1', NULL),
('41731', 205, '14:00:00', 3, '2026-09-22', '3.3', NULL), ('41731', 206, '14:00:00', 3, '2026-09-29', '3.3', NULL),
('70090', 207, '14:00:00', 3, '2026-09-23', '2.2', NULL), ('70090', 208, '14:00:00', 3, '2026-09-30', '2.2', NULL),
('77780', 209, '14:00:00', 3, '2026-09-23', '3.1', NULL), ('77780', 210, '14:00:00', 3, '2026-09-30', '3.1', NULL),
('40137', 211, '14:00:00', 5, '2026-09-21', 'LaMo', NULL), ('40137', 212, '14:00:00', 5, '2026-09-28', 'LaMo', NULL),
('40130', 213, '14:00:00', 5, '2026-09-22', 'LaMoV', NULL), ('40130', 214, '14:00:00', 5, '2026-09-29', 'LaMoV', NULL),
('19092', 215, '14:00:00', 5, '2026-09-23', 'LaRAC', NULL), ('19092', 216, '14:00:00', 5, '2026-09-30', 'LaRAC', NULL),
('70117', 217, '14:00:00', 5, '2026-09-24', 'LAFO', NULL), ('70117', 218, '14:00:00', 5, '2026-10-01', 'LAFO', NULL),
('01069', 219, '14:00:00', 5, '2026-09-25', 'OFF', NULL), ('01069', 220, '14:00:00', 5, '2026-10-02', 'OFF', NULL),
('09454', 221, '09:00:00', 3, '2026-09-21', 'LIB(I)', NULL), ('09454', 222, '09:00:00', 3, '2026-09-23', 'LIB(I)', NULL),
('09454', 223, '09:00:00', 3, '2026-09-28', 'LIB(I)', NULL), ('09454', 224, '09:00:00', 3, '2026-09-30', 'LIB(I)', NULL),
('03716', 225, '09:00:00', 3, '2026-09-21', 'LIB(M)', NULL), ('03716', 226, '09:00:00', 3, '2026-09-23', 'LIB(M)', NULL),
('03716', 227, '09:00:00', 3, '2026-09-28', 'LIB(M)', NULL), ('03716', 228, '09:00:00', 3, '2026-09-30', 'LIB(M)', NULL),
('00196', 229, '14:00:00', 3, '2026-09-21', 'LIB(I)', NULL), ('00196', 230, '14:00:00', 3, '2026-09-23', 'LIB(I)', NULL),
('00196', 231, '14:00:00', 3, '2026-09-28', 'LIB(I)', NULL), ('00196', 232, '14:00:00', 3, '2026-09-30', 'LIB(I)', NULL),
('30569', 233, '14:00:00', 3, '2026-09-21', 'LIB(M)', NULL), ('30569', 234, '14:00:00', 3, '2026-09-23', 'LIB(M)', NULL),
('30569', 235, '14:00:00', 3, '2026-09-28', 'LIB(M)', NULL), ('30569', 236, '14:00:00', 3, '2026-09-30', 'LIB(M)', NULL);

insert into POLIVALENTE (nome, postiTotali, postiDisponibili, computerTotali, computerDisponibili) values
('Polivalente', 136, 33, 17, 4);

INSERT INTO PRENOTAZIONE (codicePre, nominativo, data, oraInizio, durata, motivazione, numeroLab, numeroAula) VALUES
(1, 'Alessandro Conti', '2026-09-19', '10:00:00', 2, 'sviluppo progetto', 2.2, NULL),
(3, 'Valerio Riva', '2026-09-20', '09:00:00', 2, 'sviluppo progetto programmazione', 3.1, NULL),
(4, 'Beatrice Ferri', '2026-09-20', '13:00:00', 4, 'gruppo studio ripasso esame', NULL, 2.11),
(5, 'Marco Gatti', '2026-09-21', '15:00:00', 4, 'esercitazione pratica programmazione', 2.2, NULL),
(6, 'Giulia Bianchi', '2026-09-21', '09:00:00', 2, 'preparazione presentazione progetto', NULL, 2.3),
(7, 'Elena Vitali', '2026-09-22', '09:00:00', 5, 'realizzazione plastico urbanistica', NULL, 2.13),
(8, 'Riccardo Sanna', '2026-09-22', '14:00:00', 3, 'rendering 3D concorso idee', 'LAFO', NULL),
(9, 'Giulia de Luca', '2026-09-23', '10:00:00', 2, 'revisione tavole progettuali', 'LaMo', NULL),
(10, 'Lorenzo Serra', '2026-09-23', '16:00:00', 4, 'studio di fattibilità restauro', NULL, 2.5),
(11, 'Chiara Neri', '2026-09-24', '08:30:00', 6, 'workshop progettazione bioclimatica', NULL, 3.10);

INSERT INTO PRENOTAZIONE (codicePre, nominativo, data, oraInizio, durata, motivazione, numeroLab, numeroAula) VALUES
(2, 'Sofia Moretti', '2026-09-19', '14:30:00', 180, 'studio di gruppo esame database', NULL, 2.1),
(12, 'Sofia Moretti', '2026-09-28', '14:00:00', 120, 'studio di gruppo esame database', NULL, 2.5);

